Names,Prices,Link,Image Link
"
                                Lenovo V15-ADA 82C7001KTX Ryzen 3-3250U 15.6"" 256 GB SSD 8 GB RAM Free Dos Dizüstü Bilgisayar","4.099,00
                TL
",https://www.n11.com/urun/lenovo-v15-ada-82c7001ktx-ryzen-3-3250u-156-256-gb-ssd-8-gb-ram-free-dos-dizustu-bilgisayar-1679872?magaza=gti-bilisim,https://n11scdn3.akamaized.net/a1/140/elektronik/dizustu-bilgisayar/lenovo-v15-ada-82c7001ktx-ryzen-3-3250u-156-256-gb-ssd-8-gb-ram-free-dos-dizustu-bilgisayar__0934031536732818.png
"
                                Asus VivoBook 15 X512DA-BQ555 Ryzen 5-3500U 8 GB 256 GB SSD 15.6” Free Dos Dizüstü Bilgisayar","4.999,99
                TL
",https://www.n11.com/urun/asus-vivobook-15-x512da-bq555-ryzen-5-3500u-8-gb-256-gb-ssd-156-free-dos-dizustu-bilgisayar-1965846?magaza=incehesap,https://n11scdn4.akamaized.net/a1/140/elektronik/dizustu-bilgisayar/asus-vivobook-15-x512da-bq555-ryzen-5-3500u-8-gb-256-gb-ssd-156-free-dos-dizustu-bilgisayar__1540985598461139.jpg
"
                                Acer Aspire 5 A514-53-34YC NX.HUNEY.001 i3-1005G1 4 GB RAM 256 GB SSD 14"" W10H Dizüstü Bilgisayar","4.199,99
                TL
",https://www.n11.com/urun/acer-aspire-5-a514-53-34yc-nxhuney001-i3-1005g1-4-gb-ram-256-gb-ssd-14-w10h-dizustu-bilgisayar-1578082?magaza=dotech,https://n11scdn3.akamaized.net/a1/140/elektronik/dizustu-bilgisayar/acer-aspire-5-a514-53-34yc-nxhuney001-i3-1005g1-4-gb-ram-256-gb-ssd-14-w10h-dizustu-bilgisayar__0581222427060683.jpg
"
                                Asus TUF Gaming FX506LI-HN039 i5-10300H 8 GB 512 GB SSD 4 GB GTX1650Ti Free Dos Dizüstü Bilgisayar","8.299,00
                TL
",https://www.n11.com/urun/asus-tuf-gaming-fx506li-hn039-i5-10300h-8-gb-512-gb-ssd-4-gb-gtx1650ti-free-dos-dizustu-bilgisayar-1976798?magaza=gamers-arena,https://n11scdn4.akamaized.net/a1/140/elektronik/dizustu-bilgisayar/asus-tuf-gaming-fx506li-hn039-i5-10300h-8-gb-512-gb-ssd-4-gb-gtx1650ti-free-dos-dizustu-bilgisayar__1153573263797669.jpg
"
                HP 15-GW0003NT 1U9K8EA Athlon Silver 3050U 8 GB 256 GB SSD 15.6"" Free Dos Dizüstü Bilgisayar","3.999,00
                TL
",https://www.n11.com/urun/hp-15-gw0003nt-1u9k8ea-athlon-silver-3050u-8-gb-256-gb-ssd-156-free-dos-dizustu-bilgisayar-1984362?magaza=mtbilisim,https://n11scdn2.akamaized.net/a1/140/elektronik/dizustu-bilgisayar/hp-15-gw0003nt-1u9k8ea-athlon-silver-3050u-8-gb-256-gb-ssd-156-free-dos-dizustu-bilgisayar__1524597215332042.jpg
"
                Lenovo ThinkBook 15 G2 20VE0072TX i5-1135G7 8 GB 256 GB SSD 2 GB MX450 15.6"" W10H Dizüstü Bilgisayar","7.249,99
                TL
",https://www.n11.com/urun/lenovo-thinkbook-15-g2-20ve0072tx-i5-1135g7-8-gb-256-gb-ssd-2-gb-mx450-156-w10h-dizustu-bilgisayar-1827519?magaza=bisistem,https://n11scdn2.akamaized.net/a1/140/elektronik/dizustu-bilgisayar/lenovo-20ve0072tx-i5-1135g7-8-gb-256-gb-ssd-2-gb-mx450-156-w10-fhd-dizustu-bilgisayar__1192671288535842.jpg
"
                                Apple MacBook Air MGND3TU/A Apple M1 8 GB RAM 256 GB SSD 13.3"" MacOS Dizüstü Bilgisayar Altın","9.879,99
                TL
",https://www.n11.com/urun/apple-macbook-air-mgnd3tua-apple-m1-8-gb-ram-256-gb-ssd-133-macos-dizustu-bilgisayar-altin-1722257?magaza=erdem-teknoloji,https://n11scdn.akamaized.net/a1/140/elektronik/dizustu-bilgisayar/apple-macbook-air-mgnd3tua-apple-m1-8-gb-ram-256-gb-ssd-133-macos-dizustu-bilgisayar__0710601743562865.jpg
"
                                Lenovo V15-IIL 82C500R2TXS i5-1035G1 8 GB 512 GB SSD 2 GB MX330 15.6"" Dizüstü Bilgisayar","6.059,99
                TL
",https://www.n11.com/urun/lenovo-v15-iil-82c500r2txs-i5-1035g1-8-gb-512-gb-ssd-2-gb-mx330-156-dizustu-bilgisayar-1773034?magaza=techburada,https://n11scdn4.akamaized.net/a1/140/elektronik/dizustu-bilgisayar/lenovo-v15-iil-82c500r2txs-i5-1035g1-8-gb-512-gb-ssd-2-gb-mx330-156-dizustu-bilgisayar__1267939802477709.jpg
"
                                HP Pavilion 14-DV0004NT 2W6J2EA i7-1165G7 8 GB 512 GB SSD 2 GB MX450 14"" W10H Dizüstü Bilgisayar","8.999,00
                TL
",https://www.n11.com/urun/hp-pavilion-14-dv0004nt-2w6j2ea-i7-1165g7-8-gb-512-gb-ssd-2-gb-mx450-14-w10h-dizustu-bilgisayar-1800569?magaza=indirim-yeri,https://n11scdn3.akamaized.net/a1/140/elektronik/dizustu-bilgisayar/hp-pavilion-14-dv0004nt-2w6j2ea-i7-1165g7-8-gb-512-gb-ssd-2-gb-mx450-14-w10h-dizustu-bilgisayar__0572405753628888.jpg
"
                                Apple MacBook Air MGND3TU/A Apple M1 8 GB RAM 256 GB SSD 13.3"" MacOS Dizüstü Bilgisayar Altın","9.749,99
                TL
",https://www.n11.com/urun/apple-macbook-air-mgnd3tua-apple-m1-8-gb-ram-256-gb-ssd-133-macos-dizustu-bilgisayar-altin-1722257?magaza=centralteknoloji,https://n11scdn.akamaized.net/a1/140/elektronik/dizustu-bilgisayar/apple-macbook-air-mgnd3tua-apple-m1-8-gb-ram-256-gb-ssd-133-macos-dizustu-bilgisayar__0710601743562865.jpg
"
                                Asus X515JF-EJ013 i5-1035G1 8 GB 512 GB SSD 2 GB MX130 15.6"" Free Dos Dizüstü Bilgisayar","5.599,99
                TL
",https://www.n11.com/urun/asus-x515jf-ej013-i5-1035g1-8-gb-512-gb-ssd-2-gb-mx130-156-free-dos-dizustu-bilgisayar-1996487?magaza=gpnteknoloji,https://n11scdn.akamaized.net/a1/140/elektronik/dizustu-bilgisayar/asus-x515jf-ej013-i5-1035g1-8-gb-512-gb-ssd-2-gb-mx130-156-free-dos-dizustu-bilgisayar__0971086879473865.jpg
"
                                Lenovo Ideapad 3 81W1005TTX AMD Ryzen 5-3500U 8 GB 256 GB SSD 15.6"" Free Dos Dizüstü Bilgisayar","4.869,99
                TL
",https://www.n11.com/urun/lenovo-ideapad-3-81w1005ttx-amd-ryzen-5-3500u-8-gb-256-gb-ssd-156-free-dos-dizustu-bilgisayar-1654225?magaza=techburada,https://n11scdn4.akamaized.net/a1/140/elektronik/dizustu-bilgisayar/lenovo-ideapad-3-81w1005ttx-amd-ryzen-5-3500u-8-gb-256-gb-ssd-156-free-dos-dizustu-bilgisayar__0332483032582154.jpg
"
                                Lenovo IP Gaming 3 82EY00MJTX R7-4800H 16 GB 512 GB SSD GTX1650Ti 15.6"" Dos Dizüstü Bilgisayar","9.589,99
                TL
",https://www.n11.com/urun/lenovo-ip-gaming-3-82ey00mjtx-r7-4800h-16-gb-512-gb-ssd-gtx1650ti-156-dos-dizustu-bilgisayar-2015288?magaza=centralteknoloji,https://n11scdn.akamaized.net/a1/140/elektronik/dizustu-bilgisayar/lenovo-ip-gaming-3-82ey00mjtx-r7-4800h-16-gb-512-gb-ssd-gtx1650ti-156-dos-dizustu-bilgisayar__0784531654418955.jpg
"
                                HP Pavilion 15-EG0011NT 2X9J4EA i5-1135G7 8 GB 512 GB SSD 2 GB MX350 15.6"" W10H Dizüstü Bilgisayar","7.599,00
                TL
",https://www.n11.com/urun/hp-pavilion-15-eg0011nt-2x9j4ea-i5-1135g7-8-gb-512-gb-ssd-2-gb-mx350-156-w10h-dizustu-bilgisayar-1952505?magaza=indirim-yeri,https://n11scdn2.akamaized.net/a1/140/elektronik/dizustu-bilgisayar/hp-pavilion-15-eg0011nt-2x9j4ea-i5-1135g7-8-gb-512-gb-ssd-2-gb-mx350-156-w10h-dizustu-bilgisayar__1239707573896817.jpg
"
                                MSI GF63 Thin 10SC-008XTR i5-10300H 8 GB 256 GB SSD 4 GB GTX1650 15.6"" Free Dos FHD Dizüstü Bilgisayar","7.799,00
                TL
",https://www.n11.com/urun/msi-gf63-thin-10sc-008xtr-i5-10300h-8-gb-256-gb-ssd-4-gb-gtx1650-156-free-dos-fhd-dizustu-bilgisayar-1836436?magaza=centralteknoloji,https://n11scdn3.akamaized.net/a1/140/elektronik/dizustu-bilgisayar/msi-gf63-thin10sc-008xtr-i5-10300h-8-gb-256-gb-ssd-4-gb-gtx1650-156-free-dos-dizustu-bilgisayar__1228962982574848.jpg
"
                Dell Latitude 3510 N004L351015EMEA_U i3-10110U 8 GB 256 GB SSD 15.6"" Ubuntu Dizüstü Bilgisayar","4.566,01
                TL
",https://www.n11.com/urun/dell-latitude-3510-n004l351015emeau-i3-10110u-8-gb-256-gb-ssd-156-ubuntu-dizustu-bilgisayar-1679291?magaza=teknomerkez,https://n11scdn2.akamaized.net/a1/140/elektronik/dizustu-bilgisayar/dell-latitude-3510-n004l351015emeau-i3-10110u-156-256-gb-ssd-8-gb-ram-ubuntu-dizustu-bilgisayar__0727010744963337.jpg
"
                Huawei MateBook D 14 AMD Ryzen 7-3700U 8 GB RAM 512 GB SSD 14"" W10H Dizüstü Bilgisayar","6.199,99
                TL
",https://www.n11.com/urun/huawei-matebook-d-14-amd-ryzen-7-3700u-8-gb-ram-512-gb-ssd-14-w10h-dizustu-bilgisayar-1681909?magaza=ofmark,https://n11scdn2.akamaized.net/a1/140/elektronik/dizustu-bilgisayar/huawei-matebook-d-14-amd-ryzen-7-3700u-14-512-gb-ssd-8-gb-ram-w10h-dizustu-bilgisayar__1032845202219507.png
"
                                HP Pavilion Gaming 15-DK1010NT 1U5T0EA i7-10750H 8 GB 512 GB SSD 4 GB GTX1650Ti Dos Dizüstü Bilgisayar","9.649,00
                TL
",https://www.n11.com/urun/hp-pavilion-gaming-15-dk1010nt-1u5t0ea-i7-10750h-8-gb-512-gb-ssd-4-gb-gtx1650ti-dos-dizustu-bilgisayar-2004626?magaza=teknoryabilisim,https://n11scdn4.akamaized.net/a1/140/elektronik/dizustu-bilgisayar/hp-pavilion-gaming-15-dk1010nt-1u5t0ea-i7-10750h-8-gb-512-gb-ssd-4-gb-gtx1650ti-dos-dizustu-bilgisayar__1055186083084769.jpg
"
                HP 15S-EQ1002NT 9YH95EA Athlon 3050U 4 GB 256 GB SSD Free Dos Dizüstü Bilgisayar","3.199,99
                TL
",https://www.n11.com/urun/hp-15s-eq1002nt-9yh95ea-athlon-3050u-4-gb-256-gb-ssd-free-dos-dizustu-bilgisayar-1762948?magaza=mtbilisim,https://n11scdn.akamaized.net/a1/140/elektronik/dizustu-bilgisayar/hp-15s-eq1002nt-9yh95ea-athlon-3050u-4-gb-256-gb-ssd-free-dos-dizustu-bilgisayar__0145068399080875.png
"
                                Lenovo V155 82C7001GTX Ryzen 3-3250U 4 GB RAM 1 TB HDD 15.6'' Free Dos Dizüstü Bilgisayar","3.399,99
                TL
",https://www.n11.com/urun/lenovo-v155-82c7001gtx-ryzen-3-3250u-4-gb-ram-1-tb-hdd-156-free-dos-dizustu-bilgisayar-1718077?magaza=dtpazara-s,https://n11scdn1.akamaized.net/a1/140/elektronik/dizustu-bilgisayar/lenovo-v155-82c7001gtx-ryzen-3-3250u-4-gb-ram-1-tb-hdd-156-free-dos-dizustu-bilgisayar__0176082100999286.jpg
"
                                HP 255 G7 2M3E3ES Ryzen 5-3500U 4 GB 256 GB SSD 15.6"" Free Dos HD Dizüstü Bilgisayar","3.949,99
                TL
",https://www.n11.com/urun/hp-255-g7-2m3e3es-ryzen-5-3500u-4-gb-256-gb-ssd-156-free-dos-hd-dizustu-bilgisayar-1701086?magaza=butcemegore,https://n11scdn4.akamaized.net/a1/140/elektronik/dizustu-bilgisayar/hp-255-g7-2m3e3es-ryzen-5-3500u-4-gb-ram-256-gb-ssd-156-free-dos-dizustu-bilgisayar__0213651430625214.jpg
"
                                Asus X515MA-BR091T Celeron N4020 4 GB 128 GB SSD 15.6"" W10 Dizüstü Bilgisayar","2.879,99
                TL
",https://www.n11.com/urun/asus-x515ma-br091t-celeron-n4020-4-gb-128-gb-ssd-156-w10-dizustu-bilgisayar-1810735?magaza=guvenlikamiri,https://n11scdn.akamaized.net/a1/140/elektronik/dizustu-bilgisayar/asus-x515ma-br091t-celeron-n4020-4-gb-128-gb-ssd-156-w10-dizustu-bilgisayar__0861198232746065.jpg
"
                                HP 250 G7 197Q9EA i3-1005G1 8 GB 256 GB SSD 15.6"" W10H Dizüstü Bilgisayar","4.389,00
                TL
",https://www.n11.com/urun/hp-250-g7-197q9ea-i3-1005g1-8-gb-256-gb-ssd-156-w10h-dizustu-bilgisayar-1981559?magaza=indirim-yeri,https://n11scdn1.akamaized.net/a1/140/elektronik/dizustu-bilgisayar/hp-250-g7-197q9ea-i3-1005g1-8-gb-256-gb-ssd-156-w10h-dizustu-bilgisayar__0656328865139516.jpg
"
                                Monster Tulpar T5 V20.2 i7-10870H 16 GB 512 GB SSD 6 GB RTX3060 15.6"" Free Dos Dizüstü Bilgisayar","14.050,15
                TL
",https://www.n11.com/urun/monster-tulpar-t5-v202-i7-10870h-16-gb-512-gb-ssd-6-gb-rtx3060-156-free-dos-dizustu-bilgisayar-1806445?magaza=monster,https://n11scdn2.akamaized.net/a1/140/elektronik/dizustu-bilgisayar/monster-tulpar-t5-v202-i7-10870h-16-gb-512-gb-ssd-6-gb-rtx3060-156-free-dos-dizustu-bilgisayar__0520612158875757.png
"
                                HP 15-DA2044NT 1E0S2EA03 i3-10110U 8 GB RAM 256 GB SSD 15.6"" W10H HD Dizüstü Bilgisayar","4.481,28
                TL
",https://www.n11.com/urun/hp-15-da2044nt-1e0s2ea03-i3-10110u-8-gb-ram-256-gb-ssd-156-w10h-hd-dizustu-bilgisayar-1654257?magaza=teknoraks,https://n11scdn4.akamaized.net/a1/140/elektronik/dizustu-bilgisayar/hp-15-da2044nt-1e0s2ea03-i3-10110u-8-gb-ram-256-gb-ssd-156-w10h-hd-dizustu-bilgisayar__1155391275935279.png
"
                                Huawei MateBook D16 Harvey-WAP9D Ryzen 5-4600H 16 GB 512 GB W10H Dizüstü Bilgisayar","9.399,00
                TL
",https://www.n11.com/urun/huawei-matebook-d16-harvey-wap9d-ryzen-5-4600h-16-gb-512-gb-w10h-dizustu-bilgisayar-1829938?magaza=pliples,https://n11scdn.akamaized.net/a1/140/elektronik/dizustu-bilgisayar/huawei-matebook-d16-harvey-wap9d-ryzen-5-4600h-16-gb-512-gb-w10h-dizustu-bilgisayar__0700140100167660.jpg
"
                                HP 14S-FQ0014NT 227D6EA AMD Ryzen 3-3250U 4 GB 128 GB SSD 14"" W10H Dizüstü Bilgisayar","3.499,00
                TL
",https://www.n11.com/urun/hp-14s-fq0014nt-227d6ea-amd-ryzen-3-3250u-4-gb-128-gb-ssd-14-w10h-dizustu-bilgisayar-1680984?magaza=marmaraavm,https://n11scdn1.akamaized.net/a1/140/elektronik/dizustu-bilgisayar/hp-14s-fq0014nt-227d6ea-amd-ryzen-3-3250u-4-gb-128-gb-ssd-14-w10h-dizustu-bilgisayar__0654269325659586.png
"
                                Dell Vostro 3500-FB115F41N i5-1135G7 4 GB RAM 1 TB HDD 15.6"" Linux Dizüstü Bilgisayar","5.209,99
                TL
",https://www.n11.com/urun/dell-vostro-3500-fb115f41n-i5-1135g7-4-gb-ram-1-tb-hdd-156-linux-dizustu-bilgisayar-1921861?magaza=techburada,https://n11scdn1.akamaized.net/a1/140/elektronik/dizustu-bilgisayar/dell-vostro-3500-fb115f41n-i5-1135g7-4-gb-ram-1-tb-hdd-156-linux-dizustu-bilgisayar__0715140723437941.jpg
"
                Lenovo V17 82GX007VTX i7-1065G7 12 GB 512 GB SSD 2 GB MX330 17.3"" Free Dos FHD Dizüstü Bilgisayar","8.826,23
                TL
",https://www.n11.com/urun/lenovo-v17-82gx007vtx-i7-1065g7-12-gb-512-gb-ssd-2-gb-mx330-173-free-dos-fhd-dizustu-bilgisayar-1822716?magaza=garajonline,https://n11scdn.akamaized.net/a1/140/elektronik/dizustu-bilgisayar/lenovo-v17-82gx007vtx-i7-1065g7-12-gb-512-gb-ssd-2-gb-mx330-173-free-dos-fhd-dizustu-bilgisayar__0981050396785185.png
"
                                HP Pavilion 14-DV0004NT 2W6J2EA i7-1165G7 8 GB 512 GB SSD 2 GB MX450 14"" W10H Dizüstü Bilgisayar","8.999,00
                TL
",https://www.n11.com/urun/hp-pavilion-14-dv0004nt-2w6j2ea-i7-1165g7-8-gb-512-gb-ssd-2-gb-mx450-14-w10h-dizustu-bilgisayar-1800569?magaza=indirim-yeri,https://n11scdn3.akamaized.net/a1/140/elektronik/dizustu-bilgisayar/hp-pavilion-14-dv0004nt-2w6j2ea-i7-1165g7-8-gb-512-gb-ssd-2-gb-mx450-14-w10h-dizustu-bilgisayar__0572405753628888.jpg
"
                                Apple MacBook Air MGND3TU/A Apple M1 8 GB RAM 256 GB SSD 13.3"" MacOS Dizüstü Bilgisayar Altın","9.749,99
                TL
",https://www.n11.com/urun/apple-macbook-air-mgnd3tua-apple-m1-8-gb-ram-256-gb-ssd-133-macos-dizustu-bilgisayar-altin-1722257?magaza=centralteknoloji,https://n11scdn.akamaized.net/a1/140/elektronik/dizustu-bilgisayar/apple-macbook-air-mgnd3tua-apple-m1-8-gb-ram-256-gb-ssd-133-macos-dizustu-bilgisayar__0710601743562865.jpg
"
                                Asus X515JF-EJ013 i5-1035G1 8 GB 512 GB SSD 2 GB MX130 15.6"" Free Dos Dizüstü Bilgisayar","5.599,99
                TL
",https://www.n11.com/urun/asus-x515jf-ej013-i5-1035g1-8-gb-512-gb-ssd-2-gb-mx130-156-free-dos-dizustu-bilgisayar-1996487?magaza=gpnteknoloji,https://n11scdn.akamaized.net/a1/140/elektronik/dizustu-bilgisayar/asus-x515jf-ej013-i5-1035g1-8-gb-512-gb-ssd-2-gb-mx130-156-free-dos-dizustu-bilgisayar__0971086879473865.jpg
"
                                Lenovo Ideapad 3 81W1005TTX AMD Ryzen 5-3500U 8 GB 256 GB SSD 15.6"" Free Dos Dizüstü Bilgisayar","4.869,99
                TL
",https://www.n11.com/urun/lenovo-ideapad-3-81w1005ttx-amd-ryzen-5-3500u-8-gb-256-gb-ssd-156-free-dos-dizustu-bilgisayar-1654225?magaza=techburada,https://n11scdn4.akamaized.net/a1/140/elektronik/dizustu-bilgisayar/lenovo-ideapad-3-81w1005ttx-amd-ryzen-5-3500u-8-gb-256-gb-ssd-156-free-dos-dizustu-bilgisayar__0332483032582154.jpg
"
                                Lenovo IP Gaming 3 82EY00MJTX R7-4800H 16 GB 512 GB SSD GTX1650Ti 15.6"" Dos Dizüstü Bilgisayar","9.589,99
                TL
",https://www.n11.com/urun/lenovo-ip-gaming-3-82ey00mjtx-r7-4800h-16-gb-512-gb-ssd-gtx1650ti-156-dos-dizustu-bilgisayar-2015288?magaza=centralteknoloji,https://n11scdn.akamaized.net/a1/140/elektronik/dizustu-bilgisayar/lenovo-ip-gaming-3-82ey00mjtx-r7-4800h-16-gb-512-gb-ssd-gtx1650ti-156-dos-dizustu-bilgisayar__0784531654418955.jpg
"
                                HP Pavilion 15-EG0011NT 2X9J4EA i5-1135G7 8 GB 512 GB SSD 2 GB MX350 15.6"" W10H Dizüstü Bilgisayar","7.599,00
                TL
",https://www.n11.com/urun/hp-pavilion-15-eg0011nt-2x9j4ea-i5-1135g7-8-gb-512-gb-ssd-2-gb-mx350-156-w10h-dizustu-bilgisayar-1952505?magaza=indirim-yeri,https://n11scdn2.akamaized.net/a1/140/elektronik/dizustu-bilgisayar/hp-pavilion-15-eg0011nt-2x9j4ea-i5-1135g7-8-gb-512-gb-ssd-2-gb-mx350-156-w10h-dizustu-bilgisayar__1239707573896817.jpg
"
                                MSI GF63 Thin 10SC-008XTR i5-10300H 8 GB 256 GB SSD 4 GB GTX1650 15.6"" Free Dos FHD Dizüstü Bilgisayar","7.799,00
                TL
",https://www.n11.com/urun/msi-gf63-thin-10sc-008xtr-i5-10300h-8-gb-256-gb-ssd-4-gb-gtx1650-156-free-dos-fhd-dizustu-bilgisayar-1836436?magaza=centralteknoloji,https://n11scdn3.akamaized.net/a1/140/elektronik/dizustu-bilgisayar/msi-gf63-thin10sc-008xtr-i5-10300h-8-gb-256-gb-ssd-4-gb-gtx1650-156-free-dos-dizustu-bilgisayar__1228962982574848.jpg
"
                                HP Pavilion Gaming 15-DK1010NT 1U5T0EA i7-10750H 8 GB 512 GB SSD 4 GB GTX1650Ti Dos Dizüstü Bilgisayar","9.649,00
                TL
",https://www.n11.com/urun/hp-pavilion-gaming-15-dk1010nt-1u5t0ea-i7-10750h-8-gb-512-gb-ssd-4-gb-gtx1650ti-dos-dizustu-bilgisayar-2004626?magaza=teknoryabilisim,https://n11scdn4.akamaized.net/a1/140/elektronik/dizustu-bilgisayar/hp-pavilion-gaming-15-dk1010nt-1u5t0ea-i7-10750h-8-gb-512-gb-ssd-4-gb-gtx1650ti-dos-dizustu-bilgisayar__1055186083084769.jpg
"
                Lenovo 82C500R1TX-8G i5-1035G1 8 GB 256 GB 15.6"" Free Dos Dizüstü Bilgisayar","5.899,50
                TL
",https://www.n11.com/urun/lenovo-82c500r1tx-8g-i5-1035g1-8-gb-256-gb-156-free-dos-dizustu-bilgisayar-1798793?magaza=online-bilisim,https://n11scdn3.akamaized.net/a1/140/elektronik/dizustu-bilgisayar/lenovo-82c500r1tx-8g-i5-1035g1-8-gb-256-gb-156-free-dos-dizustu-bilgisayar__0277137861737173.png
"
                                Lenovo V155 82C7001GTX Ryzen 3-3250U 4 GB RAM 1 TB HDD 15.6'' Free Dos Dizüstü Bilgisayar","3.399,99
                TL
",https://www.n11.com/urun/lenovo-v155-82c7001gtx-ryzen-3-3250u-4-gb-ram-1-tb-hdd-156-free-dos-dizustu-bilgisayar-1718077?magaza=dtpazara-s,https://n11scdn1.akamaized.net/a1/140/elektronik/dizustu-bilgisayar/lenovo-v155-82c7001gtx-ryzen-3-3250u-4-gb-ram-1-tb-hdd-156-free-dos-dizustu-bilgisayar__0176082100999286.jpg
"
                                HP 255 G7 2M3E3ES Ryzen 5-3500U 4 GB 256 GB SSD 15.6"" Free Dos HD Dizüstü Bilgisayar","3.949,99
                TL
",https://www.n11.com/urun/hp-255-g7-2m3e3es-ryzen-5-3500u-4-gb-256-gb-ssd-156-free-dos-hd-dizustu-bilgisayar-1701086?magaza=butcemegore,https://n11scdn4.akamaized.net/a1/140/elektronik/dizustu-bilgisayar/hp-255-g7-2m3e3es-ryzen-5-3500u-4-gb-ram-256-gb-ssd-156-free-dos-dizustu-bilgisayar__0213651430625214.jpg
"
                HP 15-EC0020NT 9ET67EA Ryzen 7-3750H 6 GB GTX1660Ti 8 GB 1 TB+256 GB 15.6'' Dizüstü Bilgisayar","9.224,00
                TL
",https://www.n11.com/urun/hp-15-ec0020nt-9et67ea-ryzen-7-3750h-6-gb-gtx1660ti-8-gb-1-tb256-gb-156-dizustu-bilgisayar-1598237?magaza=mtbilisim,https://n11scdn1.akamaized.net/a1/140/elektronik/dizustu-bilgisayar/hp-15-ec0020nt-9et67ea-ryzen-7-3750h-8-gb-1-tb256-gb-ssd-6-gb-gtx1660ti-156-dizustu-bilgisayar__0486248398231746.png
"
                                Asus X515MA-BR091T Celeron N4020 4 GB 128 GB SSD 15.6"" W10 Dizüstü Bilgisayar","2.879,99
                TL
",https://www.n11.com/urun/asus-x515ma-br091t-celeron-n4020-4-gb-128-gb-ssd-156-w10-dizustu-bilgisayar-1810735?magaza=guvenlikamiri,https://n11scdn.akamaized.net/a1/140/elektronik/dizustu-bilgisayar/asus-x515ma-br091t-celeron-n4020-4-gb-128-gb-ssd-156-w10-dizustu-bilgisayar__0861198232746065.jpg
"
                                HP 250 G7 197Q9EA i3-1005G1 8 GB 256 GB SSD 15.6"" W10H Dizüstü Bilgisayar","4.389,00
                TL
",https://www.n11.com/urun/hp-250-g7-197q9ea-i3-1005g1-8-gb-256-gb-ssd-156-w10h-dizustu-bilgisayar-1981559?magaza=indirim-yeri,https://n11scdn1.akamaized.net/a1/140/elektronik/dizustu-bilgisayar/hp-250-g7-197q9ea-i3-1005g1-8-gb-256-gb-ssd-156-w10h-dizustu-bilgisayar__0656328865139516.jpg
"
                Lenovo V15 82C500NNTX i5-1035G1 12 GB RAM 256 GB SSD 2 GB MX330 15.6"" Free Dos Dizüstü Bilgisayar","6.600,98
                TL
",https://www.n11.com/urun/lenovo-v15-82c500nntx-i5-1035g1-12-gb-ram-256-gb-ssd-2-gb-mx330-156-free-dos-dizustu-bilgisayar-1689055?magaza=atlantisdogu,https://n11scdn4.akamaized.net/a1/140/elektronik/dizustu-bilgisayar/lenovo-v15-82c500nntx-i5-1035g1-12-gb-ram-256-gb-ssd-2-gb-mx330-156-free-dos-dizustu-bilgisayar__0970624101148974.jpg
"
                                Monster Tulpar T5 V20.2 i7-10870H 16 GB 512 GB SSD 6 GB RTX3060 15.6"" Free Dos Dizüstü Bilgisayar","14.050,15
                TL
",https://www.n11.com/urun/monster-tulpar-t5-v202-i7-10870h-16-gb-512-gb-ssd-6-gb-rtx3060-156-free-dos-dizustu-bilgisayar-1806445?magaza=monster,https://n11scdn2.akamaized.net/a1/140/elektronik/dizustu-bilgisayar/monster-tulpar-t5-v202-i7-10870h-16-gb-512-gb-ssd-6-gb-rtx3060-156-free-dos-dizustu-bilgisayar__0520612158875757.png
"
                Lenovo IdeaPad 3 81W00057TX1 Ryzen 3-3250U 8 GB 256 GB SSD 14"" Free Dos HD Dizüstü Bilgisayar","3.849,99
                TL
",https://www.n11.com/urun/lenovo-ideapad-3-81w00057tx1-ryzen-3-3250u-8-gb-256-gb-ssd-14-free-dos-hd-dizustu-bilgisayar-1641583?magaza=atlantisdogu,https://n11scdn4.akamaized.net/a1/140/elektronik/dizustu-bilgisayar/lenovo-ideapad-81w00057tx1-ryzen-3-3250u-14-256-gb-ssd-8-gb-ram-free-dos-dizustu-bilgisayar__0265127161148034.png
"
                Lenovo V15 82C5000CTX İ5-1035G1 8 GB RAM 256 GB SSD 15.6"" Free Dos Dizüstü Bilgisayar","6.044,75
                TL
",https://www.n11.com/urun/lenovo-v15-82c5000ctx-i5-1035g1-8-gb-ram-256-gb-ssd-156-free-dos-dizustu-bilgisayar-1689960?magaza=teknomerkez,https://n11scdn4.akamaized.net/a1/140/elektronik/dizustu-bilgisayar/lenovo-v15-82c5000ctx-i5-1035g1-8-gb-ram-256-gb-ssd-156-free-dos-dizustu-bilgisayar__1267939802477709.jpg
"
                                HP 15-DA2044NT 1E0S2EA03 i3-10110U 8 GB RAM 256 GB SSD 15.6"" W10H HD Dizüstü Bilgisayar","4.481,28
                TL
",https://www.n11.com/urun/hp-15-da2044nt-1e0s2ea03-i3-10110u-8-gb-ram-256-gb-ssd-156-w10h-hd-dizustu-bilgisayar-1654257?magaza=teknoraks,https://n11scdn4.akamaized.net/a1/140/elektronik/dizustu-bilgisayar/hp-15-da2044nt-1e0s2ea03-i3-10110u-8-gb-ram-256-gb-ssd-156-w10h-hd-dizustu-bilgisayar__1155391275935279.png
"
                Asus X515JA-BR070 i3-1005G1 4 GB 256 GB SSD 15.6"" Free Dos Dizüstü Bilgisayar","4.089,99
                TL
",https://www.n11.com/urun/asus-x515ja-br070-i3-1005g1-4-gb-256-gb-ssd-156-free-dos-dizustu-bilgisayar-1943921?magaza=teknolojininyolu,https://n11scdn.akamaized.net/a1/140/elektronik/dizustu-bilgisayar/asus-x515ja-br070-i3-1005g1-4-gb-256-gb-ssd-156-free-dos-dizustu-bilgisayar__0453173608894010.jpg
"
                                Huawei MateBook D16 Harvey-WAP9D Ryzen 5-4600H 16 GB 512 GB W10H Dizüstü Bilgisayar","9.399,00
                TL
",https://www.n11.com/urun/huawei-matebook-d16-harvey-wap9d-ryzen-5-4600h-16-gb-512-gb-w10h-dizustu-bilgisayar-1829938?magaza=pliples,https://n11scdn.akamaized.net/a1/140/elektronik/dizustu-bilgisayar/huawei-matebook-d16-harvey-wap9d-ryzen-5-4600h-16-gb-512-gb-w10h-dizustu-bilgisayar__0700140100167660.jpg
"
                                HP 14S-FQ0014NT 227D6EA AMD Ryzen 3-3250U 4 GB 128 GB SSD 14"" W10H Dizüstü Bilgisayar","3.499,00
                TL
",https://www.n11.com/urun/hp-14s-fq0014nt-227d6ea-amd-ryzen-3-3250u-4-gb-128-gb-ssd-14-w10h-dizustu-bilgisayar-1680984?magaza=marmaraavm,https://n11scdn1.akamaized.net/a1/140/elektronik/dizustu-bilgisayar/hp-14s-fq0014nt-227d6ea-amd-ryzen-3-3250u-4-gb-128-gb-ssd-14-w10h-dizustu-bilgisayar__0654269325659586.png
"
                                Dell Vostro 3500-FB115F41N i5-1135G7 4 GB RAM 1 TB HDD 15.6"" Linux Dizüstü Bilgisayar","5.209,99
                TL
",https://www.n11.com/urun/dell-vostro-3500-fb115f41n-i5-1135g7-4-gb-ram-1-tb-hdd-156-linux-dizustu-bilgisayar-1921861?magaza=techburada,https://n11scdn1.akamaized.net/a1/140/elektronik/dizustu-bilgisayar/dell-vostro-3500-fb115f41n-i5-1135g7-4-gb-ram-1-tb-hdd-156-linux-dizustu-bilgisayar__0715140723437941.jpg
"
                Apple MVVM2TU/A Intel i9-9880H 16"" 1 TB SSD 16 GB RAM 4 GB Radeon Pro 5500M Dizüstü Bilgisayar","23.449,00
                TL
",https://www.n11.com/urun/apple-mvvm2tua-intel-i9-9880h-16-1-tb-ssd-16-gb-ram-4-gb-radeon-pro-5500m-dizustu-bilgisayar-1578937?magaza=btsmarket35,https://n11scdn3.akamaized.net/a1/140/elektronik/dizustu-bilgisayar/apple-mvvm2tua-intel-i9-9880h-16-1-tb-ssd-16-gb-ram-4-gb-radeon-pro-5500m-dizustu-bilgisayar__0472439102248588.jpg
"
                Acer TMP215-51D i5-10210U 16 GB RAM 512 GB SSD 2 GB GeForce MX230 15.6"" Free Dos Dizüstü Bilgisayar","6.359,99
                TL
",https://www.n11.com/urun/acer-tmp215-51d-i5-10210u-16-gb-ram-512-gb-ssd-2-gb-geforce-mx230-156-free-dos-dizustu-bilgisayar-1632518?magaza=os,https://n11scdn1.akamaized.net/a1/140/elektronik/dizustu-bilgisayar/acer-tmp215-51d-i5-10210u-16-gb-ram-512-gb-ssd-2-gb-geforce-mx230-156-free-dos-dizustu-bilgisayar__1549018527285316.png
"
                Lenovo IdeaPad 3 81W1005UTX Ryzen 3-3250U 8 GB 256 GB 15.6"" W10 FHD Dizüstü Bilgisayar","4.459,00
                TL
",https://www.n11.com/urun/lenovo-ideapad-3-81w1005utx-ryzen-3-3250u-8-gb-256-gb-156-w10-fhd-dizustu-bilgisayar-1992360?magaza=websiniall,https://n11scdn.akamaized.net/a1/140/elektronik/dizustu-bilgisayar/lenovo-ideapad-3-81w1005utx-ryzen-3-3250u-8-gb-256-gb-156-w10-fhd-dizustu-bilgisayar__0628670329567415.jpg
"
                Excalibur G770.1030-BUJ0X i5-10300H 16 GB 240 GB M2 SSD 4 GB GTX1650Tİ Free Dos Dizüstü Bilgisayar","8.099,00
                TL
",https://www.n11.com/urun/excalibur-g7701030-buj0x-i5-10300h-16-gb-240-gb-m2-ssd-4-gb-gtx1650ti-free-dos-dizustu-bilgisayar-1669540?magaza=excalibur,https://n11scdn.akamaized.net/a1/140/elektronik/dizustu-bilgisayar/excalibur-g7701030-buj0x-i5-10300h-16-gb-240-gb-m2-ssd-4-gb-gtx1650ti-free-dos-dizustu-bilgisayar__0735256677535975.jpg
 Oppo Reno 4 Lite 128 GB (Oppo Türkiye Garantili),"3.214,90 TL ",https://www.n11.com/urun/oppo-reno-4-lite-128-gb-oppo-turkiye-garantili-1569668?magaza=tk-market,https://n11scdn2.akamaized.net/a1/140/elektronik/cep-telefonu/oppo-reno-4-lite-128-gb-oppo-turkiye-garantili__0936628772219827.png
 Xiaomi Redmi Note 8 64 GB/4 GB (İthalatçı Garantili),"2.259,00 TL ",https://www.n11.com/urun/xiaomi-redmi-note-8-64-gb4-gb-ithalatci-garantili-1207545?magaza=01tekno,https://n11scdn1.akamaized.net/a1/140/elektronik/cep-telefonu/xiaomi-redmi-note-8-64-gb4-gb-duos-ithalatci-garantili__1462816034907921.jpg
 Samsung Galaxy A02S Duos 32 GB (Samsung Türkiye Garantili),"2.019,00 TL ",https://www.n11.com/urun/samsung-galaxy-a02s-duos-32-gb-samsung-turkiye-garantili-1728334?magaza=tk-market,https://n11scdn3.akamaized.net/a1/140/elektronik/cep-telefonu/samsung-galaxy-a02s-duos-32-gb-samsung-turkiye-garantili__0868339660136543.jpg
 Apple iPhone 12 Pro 128 GB (Apple Türkiye Garantili),"13.949,00 TL ",https://www.n11.com/urun/apple-iphone-12-pro-128-gb-apple-turkiye-garantili-1640220?magaza=bittibitiyor,https://n11scdn1.akamaized.net/a1/140/elektronik/cep-telefonu/apple-iphone-12-pro-128-gb-apple-turkiye-garantili__1301325577449716.jpg
 Poco X3 NFC 128 GB (Xiaomi Türkiye Garantili),"3.665,00 TL ",https://www.n11.com/urun/poco-x3-nfc-128-gb-xiaomi-turkiye-garantili-1573885?magaza=mistore,https://n11scdn.akamaized.net/a1/140/elektronik/cep-telefonu/xiaomi-poco-x3-nfc-128-gb-xiaomi-turkiye-garantili__0270254709379300.jpg
 Apple iPhone 12 Pro Max 128 GB (Apple Türkiye Garantili),"15.799,00 TL ",https://www.n11.com/urun/apple-iphone-12-pro-max-128-gb-apple-turkiye-garantili-1640446?magaza=bittibitiyor,https://n11scdn.akamaized.net/a1/140/elektronik/cep-telefonu/apple-iphone-12-pro-max-128-gb-apple-turkiye-garantili__1105728805907330.jpg
 Xiaomi Mi Note 10 Lite 64 GB 6 GB Ram (Xiaomi Türkiye Garantili),"3.659,00 TL ",https://www.n11.com/urun/xiaomi-mi-note-10-lite-64-gb-6-gb-ram-xiaomi-turkiye-garantili-1377383?magaza=bittibitiyor,https://n11scdn1.akamaized.net/a1/140/elektronik/cep-telefonu/xiaomi-mi-note-10-lite-64-gb-6-gb-ram-xiaomi-turkiye-garantili__1417566889792691.jpg
 Xiaomi Redmi Note 8 Pro 128 GB/6 GB Duos (İthalatçı Garantili),"2.899,00 TL ",https://www.n11.com/urun/xiaomi-redmi-note-8-pro-128-gb6-gb-duos-ithalatci-garantili-1293101?magaza=01tekno,https://n11scdn2.akamaized.net/a1/140/elektronik/cep-telefonu/xiaomi-redmi-note-8-pro-128-gb6-gb-duos-ithalatci-garantili__0192639394878322.jpg
 Samsung Galaxy A51 128 GB (Samsung Türkiye Garantili),"3.249,00 TL ",https://www.n11.com/urun/samsung-galaxy-a51-128-gb-samsung-turkiye-garantili-1222359?magaza=tk-market,https://n11scdn1.akamaized.net/a1/140/elektronik/cep-telefonu/samsung-galaxy-a51-128-gb-samsung-turkiye-garantili__1576637167857866.jpg
  Apple iPhone 11 128 GB (Apple Türkiye Garantili),"7.799,99 TL ",https://www.n11.com/urun/apple-iphone-11-128-gb-apple-turkiye-garantili-1107897?magaza=aksarayiletisim,https://n11scdn3.akamaized.net/a1/140/elektronik/cep-telefonu/apple-iphone-11-128-gb-apple-turkiye-garantili__0393290725740483.jpg
 Oppo Reno 4 Lite 128 GB (Oppo Türkiye Garantili),"3.239,90 TL ",https://www.n11.com/urun/oppo-reno-4-lite-128-gb-oppo-turkiye-garantili-1569668?magaza=bittibitiyor,https://n11scdn2.akamaized.net/a1/140/elektronik/cep-telefonu/oppo-reno-4-lite-128-gb-oppo-turkiye-garantili__1313632389263252.jpg
 Xiaomi Mi 11 Lite 6 GB 128 GB (Xiaomi Türkiye Garantili),"3.828,00 TL ",https://www.n11.com/urun/xiaomi-mi-11-lite-6-gb-128-gb-xiaomi-turkiye-garantili-1988470?magaza=bittibitiyor,https://n11scdn4.akamaized.net/a1/140/elektronik/cep-telefonu/xiaomi-mi-11-lite-6-gb-128-gb-xiaomi-turkiye-garantili__1491629430633759.jpg
 Xiaomi Mi 11 Lite 6 GB 128 GB (Xiaomi Türkiye Garantili),"3.829,00 TL ",https://www.n11.com/urun/xiaomi-mi-11-lite-6-gb-128-gb-xiaomi-turkiye-garantili-1988470?magaza=mieko,https://n11scdn3.akamaized.net/a1/140/elektronik/cep-telefonu/xiaomi-mi-11-lite-6-gb-128-gb-xiaomi-turkiye-garantili__0681126886295543.jpg
 Samsung Galaxy A02 Duos 32 GB (Samsung Türkiye Garantili),"1.769,00 TL ",https://www.n11.com/urun/samsung-galaxy-a02-duos-32-gb-samsung-turkiye-garantili-1931105?magaza=firsatbitmez,https://n11scdn4.akamaized.net/a1/140/elektronik/cep-telefonu/samsung-galaxy-a02-duos-32-gb-samsung-turkiye-garantili__1068248708307634.jpg
 TCL 10L Duos 256 GB (TCL Türkiye Garantili),"2.399,00 TL ",https://www.n11.com/urun/tcl-10l-duos-256-gb-tcl-turkiye-garantili-1799826?magaza=bittibitiyor,https://n11scdn2.akamaized.net/a1/140/elektronik/cep-telefonu/tcl-10l-duos-256-gb-tcl-turkiye-garantili__1123368831943752.png
  Samsung Galaxy S20 Plus 128 GB (Samsung Türkiye Garantili),"6.799,00 TL ",https://www.n11.com/urun/samsung-galaxy-s20-plus-128-gb-samsung-turkiye-garantili-1255038?magaza=samsungturkiye,https://n11scdn1.akamaized.net/a1/140/elektronik/cep-telefonu/samsung-galaxy-s20-plus-128-gb-samsung-turkiye-garantili__0310771205590291.jpg
  Xiaomi Redmi Note 10 Pro 8 GB Ram 128 GB (Xiaomi Türkiye Garantili),"4.089,00 TL ",https://www.n11.com/urun/xiaomi-redmi-note-10-pro-8-gb-ram-128-gb-xiaomi-turkiye-garantili-1967193?magaza=reyontek,https://n11scdn4.akamaized.net/a1/140/elektronik/cep-telefonu/xiaomi-redmi-note-10-pro-8-gb-ram-128-gb-xiaomi-turkiye-garantili__0812836305210034.jpg
 Apple iPhone 12 Pro 256 GB (Apple Türkiye Garantili),"14.779,00 TL ",https://www.n11.com/urun/apple-iphone-12-pro-256-gb-apple-turkiye-garantili-1640241?magaza=bittibitiyor,https://n11scdn1.akamaized.net/a1/140/elektronik/cep-telefonu/apple-iphone-12-pro-256-gb-apple-turkiye-garantili__1090503006137686.jpg
  Apple iPhone 11 128 GB (Apple Türkiye Garantili),"7.868,00 TL ",https://www.n11.com/urun/apple-iphone-11-128-gb-apple-turkiye-garantili-1107897?magaza=gelecekbizde,https://n11scdn4.akamaized.net/a1/140/elektronik/cep-telefonu/apple-iphone-11-128-gb-apple-turkiye-garantili__1285650853286469.jpg
  Samsung Galaxy M12 Duos 64 GB (Samsung Türkiye Garantili),"2.499,00 TL ",https://www.n11.com/urun/samsung-galaxy-m12-duos-64-gb-samsung-turkiye-garantili-2002208?magaza=samsungturkiye,https://n11scdn2.akamaized.net/a1/140/elektronik/cep-telefonu/samsung-galaxy-m12-duos-64-gb-samsung-turkiye-garantili__0355002901789497.jpg
  Oppo A15S 64 GB (Oppo Türkiye Garantili),"2.197,90 TL ",https://www.n11.com/urun/oppo-a15s-64-gb-oppo-turkiye-garantili-1919577?magaza=aksarayiletisim,https://n11scdn2.akamaized.net/a1/140/elektronik/cep-telefonu/oppo-a15s-64-gb-oppo-turkiye-garantili__1572129276351592.jpg
  General Mobile GM21 Plus 4 GB 64 GB (General Mobile Türkiye Garantili),"1.796,00 TL ",https://www.n11.com/urun/general-mobile-gm21-plus-4-gb-64-gb-general-mobile-turkiye-garantili-2014986?magaza=ceptelefonu-online,https://n11scdn3.akamaized.net/a1/140/elektronik/cep-telefonu/general-mobile-gm21-plus-4-gb-64-gb-general-mobile-turkiye-garantili__0547677736833808.png
 Xiaomi Redmi Note 10 Pro 6 GB Ram 128 GB (Xiaomi Türkiye Garantili),"3.779,00 TL ",https://www.n11.com/urun/xiaomi-redmi-note-10-pro-6-gb-ram-128-gb-xiaomi-turkiye-garantili-1970743?magaza=penguenbilgisayar,https://n11scdn3.akamaized.net/a1/140/elektronik/cep-telefonu/xiaomi-redmi-note-10-pro-6-gb-ram-128-gb-xiaomi-turkiye-garantili__0459612646802548.jpg
 Xiaomi Redmi Note 9 64 GB (Xiaomi Türkiye Garantili),"2.730,00 TL ",https://www.n11.com/urun/xiaomi-redmi-note-9-64-gb-xiaomi-turkiye-garantili-1387192?magaza=dtechome,https://n11scdn3.akamaized.net/a1/140/elektronik/cep-telefonu/xiaomi-redmi-note-9-64-gb-xiaomi-turkiye-garantili__0859627558113953.jpg
 Huawei Y7 2019 Duos 64 GB (İthalatçı Garantili),"1.799,00 TL ",https://www.n11.com/urun/huawei-y7-2019-duos-64-gb-ithalatci-garantili-1610519?magaza=asitane,https://n11scdn4.akamaized.net/a1/140/elektronik/cep-telefonu/huawei-y7-2019-duos-64-gb-ithalatci-garantili__0883693272642959.png
 Apple iPhone 11 64 GB (Apple Türkiye Garantili),"7.900,00 TL ",https://www.n11.com/urun/apple-iphone-11-64-gb-apple-turkiye-garantili-1109951?magaza=gurgencler,https://n11scdn2.akamaized.net/a1/140/elektronik/cep-telefonu/apple-iphone-11-64-gb-apple-turkiye-garantili__0467761833718272.jpg
  Poco X3 Pro 256 GB/8GB (Xiaomi Türkiye Garantili),"3.829,00 TL ",https://www.n11.com/urun/poco-x3-pro-256-gb8gb-xiaomi-turkiye-garantili-1976508?magaza=arcell,https://n11scdn2.akamaized.net/a1/140/elektronik/cep-telefonu/poco-x3-pro-256-gb8gb-xiaomi-turkiye-garantili__0649104152199352.jpg
 Xiaomi Redmi Note 6 Pro 32 GB/3 GB Duos (İthalatçı Garantili),"1.749,00 TL ",https://www.n11.com/urun/xiaomi-redmi-note-6-pro-32-gb3-gb-duos-ithalatci-garantili-842251?magaza=mriletisim,https://n11scdn2.akamaized.net/a1/140/elektronik/cep-telefonu/xiaomi-redmi-note-6-pro-32-gb3-gb-duos-ithalatci-garantili__0695652803567792.jpg
 Poco X3 Pro 128 GB/6GB (Xiaomi Türkiye Garantili),"3.529,00 TL ",https://www.n11.com/urun/poco-x3-pro-128-gb6gb-xiaomi-turkiye-garantili-1976635?magaza=mistore,https://n11scdn2.akamaized.net/a1/140/elektronik/cep-telefonu/poco-x3-pro-128-gb6gb-xiaomi-turkiye-garantili__0649104152199352.jpg
 Hiking A22 Duos 64 GB (Hiking Türkiye Garantili),"1.429,00 TL ",https://www.n11.com/urun/hiking-a22-duos-64-gb-hiking-turkiye-garantili-1607740?magaza=mamcho,https://n11scdn4.akamaized.net/a1/140/elektronik/cep-telefonu/hiking-a22-duos-64-gb-hiking-turkiye-garantili__0256497203974879.jpg
  Apple iPhone 11 64 GB (Apple Türkiye Garantili),"7.388,00 TL ",https://www.n11.com/urun/apple-iphone-11-64-gb-apple-turkiye-garantili-1109951?magaza=gelecekbizde,https://n11scdn3.akamaized.net/a1/140/elektronik/cep-telefonu/apple-iphone-11-64-gb-apple-turkiye-garantili__0663147081664273.jpg
  Poco X3 NFC 128 GB (Xiaomi Türkiye Garantili),"3.378,00 TL ",https://www.n11.com/urun/poco-x3-nfc-128-gb-xiaomi-turkiye-garantili-1573885?magaza=aksarayiletisim,https://n11scdn.akamaized.net/a1/140/elektronik/cep-telefonu/poco-x3-nfc-128-gb-xiaomi-turkiye-garantili__0841785695401730.jpeg
 Xiaomi Redmi Note 10 Pro 6 GB Ram 128 GB (Xiaomi Türkiye Garantili),"3.689,00 TL ",https://www.n11.com/urun/xiaomi-redmi-note-10-pro-6-gb-ram-128-gb-xiaomi-turkiye-garantili-1970743?magaza=mieko,https://n11scdn3.akamaized.net/a1/140/elektronik/cep-telefonu/xiaomi-redmi-note-10-pro-6-gb-ram-128-gb-xiaomi-turkiye-garantili__0459612646802548.jpg
 Samsung Galaxy S20 FE 128 GB (Samsung Türkiye Garantili),"4.979,00 TL ",https://www.n11.com/urun/samsung-galaxy-s20-fe-128-gb-samsung-turkiye-garantili-1557583?magaza=bittibitiyor,https://n11scdn3.akamaized.net/a1/140/elektronik/cep-telefonu/samsung-galaxy-s20-fe-128-gb-samsung-turkiye-garantili__0463441299311973.jpg
  Samsung Galaxy A52 128 GB/8 GB (Samsung Türkiye Garantili),"4.095,00 TL ",https://www.n11.com/urun/samsung-galaxy-a52-128-gb8-gb-samsung-turkiye-garantili-1926237?magaza=gelecekbizde,https://n11scdn2.akamaized.net/a1/140/elektronik/cep-telefonu/samsung-galaxy-a52-128-gb8-gb-samsung-turkiye-garantili__0531112569854567.jpg
  Poco F3 256 GB/8 GB (Xiaomi Türkiye Garantili),"5.699,00 TL ",https://www.n11.com/urun/poco-f3-256-gb8-gb-xiaomi-turkiye-garantili-1976804?magaza=arcell,https://n11scdn4.akamaized.net/a1/140/elektronik/cep-telefonu/poco-f3-256-gb8-gb-xiaomi-turkiye-garantili__0202669776413724.jpg
 Apple iPhone 11 64 GB (Apple Türkiye Garantili),"7.359,00 TL ",https://www.n11.com/urun/apple-iphone-11-64-gb-apple-turkiye-garantili-1109951?magaza=mobilepoint,https://n11scdn4.akamaized.net/a1/140/elektronik/cep-telefonu/apple-iphone-11-64-gb-apple-turkiye-garantili__0849835094495659.jpg
  Samsung Galaxy A12 Duos 64 GB (Samsung Türkiye Garantili),"2.441,00 TL ",https://www.n11.com/urun/samsung-galaxy-a12-duos-64-gb-samsung-turkiye-garantili-1728514?magaza=reyontek,https://n11scdn1.akamaized.net/a1/140/elektronik/cep-telefonu/samsung-galaxy-a12-duos-64-gb-samsung-turkiye-garantili__0623584856349581.jpg
 Apple iPhone 11 64 GB (Apple Türkiye Garantili),"7.329,00 TL ",https://www.n11.com/urun/apple-iphone-11-64-gb-apple-turkiye-garantili-1109951?magaza=dtechome,https://n11scdn3.akamaized.net/a1/140/elektronik/cep-telefonu/apple-iphone-11-64-gb-apple-turkiye-garantili__0652457269091813.jpg
  Oppo Realme C15 4 GB 64 GB (Realme Türkiye Garantili),"2.014,00 TL ",https://www.n11.com/urun/oppo-realme-c15-4-gb-64-gb-realme-turkiye-garantili-1943094?magaza=aksarayiletisim,https://n11scdn.akamaized.net/a1/140/elektronik/cep-telefonu/oppo-realme-c15-4-gb-64-gb-realme-turkiye-garantili__1030661740062910.png
  Xiaomi Redmi Note 10 Pro 8 GB Ram 128 GB (Xiaomi Türkiye Garantili),"4.029,00 TL ",https://www.n11.com/urun/xiaomi-redmi-note-10-pro-8-gb-ram-128-gb-xiaomi-turkiye-garantili-1967193?magaza=aksarayiletisim,https://n11scdn4.akamaized.net/a1/140/elektronik/cep-telefonu/xiaomi-redmi-note-10-pro-8-gb-ram-128-gb-xiaomi-turkiye-garantili__0812836305210034.jpg
 Oppo Reno 5 Lite 128 GB (Oppo Türkiye Garantili),"3.440,00 TL ",https://www.n11.com/urun/oppo-reno-5-lite-128-gb-oppo-turkiye-garantili-1975090?magaza=cephaneteknoloji,https://n11scdn4.akamaized.net/a1/140/elektronik/cep-telefonu/oppo-reno-5-lite-128-gb-oppo-turkiye-garantili__0869743901048534.jpg
  Xiaomi Redmi Note 10 128 GB (Xiaomi Türkiye Garantili),"3.199,00 TL ",https://www.n11.com/urun/xiaomi-redmi-note-10-128-gb-xiaomi-turkiye-garantili-1918284?magaza=arcell,https://n11scdn.akamaized.net/a1/140/elektronik/cep-telefonu/xiaomi-redmi-note-10-128-gb-xiaomi-turkiye-garantili__1530296710373085.png
 Xiaomi Redmi Note 8 Pro 128 GB/6 GB Duos (İthalatçı Garantili),"2.968,20 TL ",https://www.n11.com/urun/xiaomi-redmi-note-8-pro-128-gb6-gb-duos-ithalatci-garantili-1293101?magaza=teknophone,https://n11scdn2.akamaized.net/a1/140/elektronik/cep-telefonu/xiaomi-redmi-note-8-pro-128-gb6-gb-duos-ithalatci-garantili__0192639394878322.jpg
 Huawei Y6S 64 GB (İthalatçı Garantili),"1.589,00 TL ",https://www.n11.com/urun/huawei-y6s-64-gb-ithalatci-garantili-1637306?magaza=oncu-teknoloji,https://n11scdn3.akamaized.net/a1/140/elektronik/cep-telefonu/huawei-y6s-64-gb-ithalatci-garantili__0565106604677853.png
 Huawei Y6 2019 32 GB Duos (İthalatçı Garantili),"1.549,00 TL ",https://www.n11.com/urun/huawei-y6-2019-32-gb-duos-ithalatci-garantili-1033129?magaza=oncu-teknoloji,https://n11scdn.akamaized.net/a1/140/elektronik/cep-telefonu/huawei-y6-2019-32-gb-duos-ithalatci-garantili__1333052143317865.png
 Xiaomi Redmi 9C Duos 2 GB 32 GB (Xiaomi Türkiye Garantili),"1.719,00 TL ",https://www.n11.com/urun/xiaomi-redmi-9c-duos-2-gb-32-gb-xiaomi-turkiye-garantili-1566144?magaza=timmy,https://n11scdn.akamaized.net/a1/140/elektronik/cep-telefonu/xiaomi-redmi-9c-duos-2-gb-32-gb-xiaomi-turkiye-garantili__0271393702552430.jpg
  Samsung Galaxy M12 Duos 128 GB (Samsung Türkiye Garantili),"2.699,00 TL ",https://www.n11.com/urun/samsung-galaxy-m12-duos-128-gb-samsung-turkiye-garantili-2002230?magaza=samsungturkiye,https://n11scdn.akamaized.net/a1/140/elektronik/cep-telefonu/samsung-galaxy-m12-duos-128-gb-samsung-turkiye-garantili__1254065132891345.jpg
  Apple iPhone 12 Pro 128 GB (Apple Türkiye Garantili),"13.843,00 TL ",https://www.n11.com/urun/apple-iphone-12-pro-128-gb-apple-turkiye-garantili-1640220?magaza=aksarayiletisim,https://n11scdn2.akamaized.net/a1/140/elektronik/cep-telefonu/apple-iphone-12-pro-128-gb-apple-turkiye-garantili__0505098372812212.jpg
 Samsung Galaxy A52 128 GB/8 GB (Samsung Türkiye Garantili),"4.075,00 TL ",https://www.n11.com/urun/samsung-galaxy-a52-128-gb8-gb-samsung-turkiye-garantili-1926237?magaza=turkuazankara,https://n11scdn4.akamaized.net/a1/140/elektronik/cep-telefonu/samsung-galaxy-a52-128-gb8-gb-samsung-turkiye-garantili__0590484331331464.jpg
 Apple iPhone SE 2020 64 GB (Apple Türkiye Garantili),"4.958,00 TL ",https://www.n11.com/urun/apple-iphone-se-2020-64-gb-apple-turkiye-garantili-1381478?magaza=cephaneteknoloji,https://n11scdn4.akamaized.net/a1/140/elektronik/cep-telefonu/apple-iphone-se-2020-64-gb-apple-turkiye-garantili__0167401165665679.png
 Xiaomi Redmi 9C Duos 64 GB (Xiaomi Türkiye Garantili),"2.019,00 TL ",https://www.n11.com/urun/xiaomi-redmi-9c-duos-64-gb-xiaomi-turkiye-garantili-1591705?magaza=mieko,https://n11scdn.akamaized.net/a1/140/elektronik/cep-telefonu/xiaomi-redmi-9c-duos-64-gb-xiaomi-turkiye-garantili__0271393702552430.jpg
 Xiaomi Redmi 9C Duos 64 GB (Xiaomi Türkiye Garantili),"2.019,00 TL ",https://www.n11.com/urun/xiaomi-redmi-9c-duos-64-gb-xiaomi-turkiye-garantili-1591705?magaza=mistore,https://n11scdn.akamaized.net/a1/140/elektronik/cep-telefonu/xiaomi-redmi-9c-duos-64-gb-xiaomi-turkiye-garantili__0271393702552430.jpg
 Xiaomi Redmi Note 10 Pro 8 GB Ram 128 GB (Xiaomi Türkiye Garantili),"4.230,00 TL ",https://www.n11.com/urun/xiaomi-redmi-note-10-pro-8-gb-ram-128-gb-xiaomi-turkiye-garantili-1967193?magaza=cephaneteknoloji,https://n11scdn4.akamaized.net/a1/140/elektronik/cep-telefonu/xiaomi-redmi-note-10-pro-8-gb-ram-128-gb-xiaomi-turkiye-garantili__0812836305210034.jpg
  Xiaomi Redmi Note 10 Pro 8 GB Ram 128 GB (Xiaomi Türkiye Garantili),"4.045,00 TL ",https://www.n11.com/urun/xiaomi-redmi-note-10-pro-8-gb-ram-128-gb-xiaomi-turkiye-garantili-1967193?magaza=gelecekbizde,https://n11scdn4.akamaized.net/a1/140/elektronik/cep-telefonu/xiaomi-redmi-note-10-pro-8-gb-ram-128-gb-xiaomi-turkiye-garantili__0812836305210034.jpg
